Amplitude,Phase
61.895786688772439,-168.52467441078684
23.902629612486098,168.75708683209004
16.386350106284816,153.63897804042361
